{"root":[{"assemblyName":"Assembly-CSharp","nameSpace":"FishNet.Serializing.Generated","className":"GeneratedComparers___Internal","methodName":"InitializeOnce","loadTypes":0,"isUnityClass":false},{"assemblyName":"Assembly-CSharp","nameSpace":"FishNet.Serializing.Generated","className":"GeneratedWriters___Internal","methodName":"InitializeOnce","loadTypes":0,"isUnityClass":false},{"assemblyName":"Assembly-CSharp","nameSpace":"FishNet.Serializing.Generated","className":"GeneratedReaders___Internal","methodName":"InitializeOnce","loadTypes":0,"isUnityClass":false},{"assemblyName":"Heathen.Steamworks","nameSpace":"HeathenEngineering.SteamworksIntegration","className":"SteamSettings","methodName":"RunTimeInit","loadTypes":4,"isUnityClass":false},{"assemblyName":"Heathen.Steamworks","nameSpace":"HeathenEngineering.SteamworksIntegration.API","className":"App","methodName":"RunTimeInit","loadTypes":4,"isUnityClass":false},{"assemblyName":"Heathen.Steamworks","nameSpace":"HeathenEngineering.SteamworksIntegration.API","className":"App/Client","methodName":"Init","loadTypes":4,"isUnityClass":false},{"assemblyName":"Heathen.Steamworks","nameSpace":"HeathenEngineering.SteamworksIntegration.API","className":"App/Web","methodName":"Init","loadTypes":4,"isUnityClass":false},{"assemblyName":"Heathen.Steamworks","nameSpace":"HeathenEngineering.SteamworksIntegration.API","className":"Friends/Client","methodName":"Init","loadTypes":4,"isUnityClass":false},{"assemblyName":"Heathen.Steamworks","nameSpace":"HeathenEngineering.SteamworksIntegration.API","className":"Overlay/Client","methodName":"Init","loadTypes":4,"isUnityClass":false},{"assemblyName":"Heathen.Steamworks","nameSpace":"HeathenEngineering.SteamworksIntegration.API","className":"StatsAndAchievements/Client","methodName":"Init","loadTypes":4,"isUnityClass":false},{"assemblyName":"Heathen.Steamworks","nameSpace":"HeathenEngineering.SteamworksIntegration.API","className":"User/Client","methodName":"Init","loadTypes":4,"isUnityClass":false},{"assemblyName":"Heathen.Steamworks","nameSpace":"HeathenEngineering.SteamworksIntegration.API","className":"Utilities/Client","methodName":"Init","loadTypes":4,"isUnityClass":false},{"assemblyName":"Unity.Services.Core.Internal","nameSpace":"Unity.Services.Core.Internal","className":"TaskAsyncOperation","methodName":"SetScheduler","loadTypes":1,"isUnityClass":true},{"assemblyName":"Unity.Services.Core.Internal","nameSpace":"Unity.Services.Core.Internal","className":"UnityServicesInitializer","methodName":"CreateStaticInstance","loadTypes":2,"isUnityClass":true},{"assemblyName":"Unity.Services.Core.Internal","nameSpace":"Unity.Services.Core.Internal","className":"UnityServicesInitializer","methodName":"EnableServicesInitializationAsync","loadTypes":0,"isUnityClass":true},{"assemblyName":"FishySteamworks","nameSpace":"FishNet.Serializing.Generated","className":"GeneratedComparers___Internal","methodName":"InitializeOnce","loadTypes":0,"isUnityClass":false},{"assemblyName":"FishySteamworks","nameSpace":"FishNet.Serializing.Generated","className":"GeneratedWriters___Internal","methodName":"InitializeOnce","loadTypes":0,"isUnityClass":false},{"assemblyName":"FishySteamworks","nameSpace":"FishNet.Serializing.Generated","className":"GeneratedReaders___Internal","methodName":"InitializeOnce","loadTypes":0,"isUnityClass":false},{"assemblyName":"Unity.VisualScripting.Core","nameSpace":"Unity.VisualScripting","className":"RuntimeVSUsageUtility","methodName":"RuntimeInitializeOnLoadBeforeSceneLoad","loadTypes":1,"isUnityClass":true},{"assemblyName":"FishNet.Demos","nameSpace":"FishNet.Serializing.Generated","className":"GeneratedComparers___Internal","methodName":"InitializeOnce","loadTypes":0,"isUnityClass":false},{"assemblyName":"FishNet.Demos","nameSpace":"FishNet.Serializing.Generated","className":"GeneratedWriters___Internal","methodName":"InitializeOnce","loadTypes":0,"isUnityClass":false},{"assemblyName":"FishNet.Demos","nameSpace":"FishNet.Serializing.Generated","className":"GeneratedReaders___Internal","methodName":"InitializeOnce","loadTypes":0,"isUnityClass":false},{"assemblyName":"Unity.Services.Core","nameSpace":"Unity.Services.Core","className":"UnityThreadUtils","methodName":"CaptureUnityThreadInfo","loadTypes":4,"isUnityClass":true},{"assemblyName":"FishNet.Runtime","nameSpace":"FishNet.Serializing.Generated","className":"GeneratedComparers___Internal","methodName":"InitializeOnce","loadTypes":0,"isUnityClass":false},{"assemblyName":"FishNet.Runtime","nameSpace":"FishNet.Serializing.Generated","className":"GeneratedWriters___Internal","methodName":"InitializeOnce","loadTypes":0,"isUnityClass":false},{"assemblyName":"FishNet.Runtime","nameSpace":"FishNet.Serializing.Generated","className":"GeneratedReaders___Internal","methodName":"InitializeOnce","loadTypes":0,"isUnityClass":false},{"assemblyName":"Cinemachine","nameSpace":"Cinemachine","className":"CinemachineStoryboard","methodName":"InitializeModule","loadTypes":0,"isUnityClass":false},{"assemblyName":"Cinemachine","nameSpace":"Cinemachine","className":"CinemachineCore","methodName":"InitializeModule","loadTypes":0,"isUnityClass":false},{"assemblyName":"Cinemachine","nameSpace":"Cinemachine","className":"UpdateTracker","methodName":"InitializeModule","loadTypes":0,"isUnityClass":false},{"assemblyName":"Cinemachine","nameSpace":"Cinemachine","className":"CinemachineImpulseManager","methodName":"InitializeModule","loadTypes":0,"isUnityClass":false},{"assemblyName":"Unity.Services.Core.Registration","nameSpace":"Unity.Services.Core.Registration","className":"CorePackageInitializer","methodName":"Register","loadTypes":1,"isUnityClass":true},{"assemblyName":"Main","nameSpace":"FishNet.Serializing.Generated","className":"GeneratedComparers___Internal","methodName":"InitializeOnce","loadTypes":0,"isUnityClass":false},{"assemblyName":"Main","nameSpace":"FishNet.Serializing.Generated","className":"GeneratedWriters___Internal","methodName":"InitializeOnce","loadTypes":0,"isUnityClass":false},{"assemblyName":"Main","nameSpace":"FishNet.Serializing.Generated","className":"GeneratedReaders___Internal","methodName":"InitializeOnce","loadTypes":0,"isUnityClass":false}]}
